{
  "params": {
    "h": 29,
    "m": 17,
    "l": 4,
    "bucket": 3,
    "offset": 3.0,
    "tp": 20.0,
    "sl": 10.0,
    "live_floor": 0.0
  },
  "cumulative_net_pips": -26.5,
  "validated_net_pips": -10.5,
  "alt_net_pips": 2.5,
  "active_position": {
    "dir": "short",
    "entry_p": 1.34105,
    "ts": "2026-05-19T04:03:07.045717+01:00",
    "is_live": true
  },
  "pending_position": null,
  "bucket_times": [
    "02:21",
    "02:24",
    "02:27",
    "02:30",
    "02:33",
    "02:36",
    "02:39",
    "02:42",
    "02:45",
    "02:48",
    "02:51",
    "02:54",
    "02:57",
    "03:00",
    "03:03",
    "03:06",
    "03:09",
    "03:12",
    "03:15",
    "03:18",
    "03:21",
    "03:24",
    "03:27",
    "03:30",
    "03:33",
    "03:36",
    "03:39",
    "03:42",
    "03:45",
    "03:48",
    "03:51",
    "03:54",
    "03:57",
    "04:00",
    "04:03"
  ],
  "first_prices": {
    "bid": {
      "02:21": 1.3417,
      "02:24": 1.3417,
      "02:27": 1.3417,
      "02:30": 1.3417,
      "02:33": 1.3416,
      "02:36": 1.3417,
      "02:39": 1.3417,
      "02:42": 1.3419,
      "02:45": 1.3424,
      "02:48": 1.3422,
      "02:51": 1.3421,
      "02:54": 1.342,
      "02:57": 1.3417,
      "03:00": 1.3416,
      "03:03": 1.3413,
      "03:06": 1.341,
      "03:09": 1.341,
      "03:12": 1.3411,
      "03:15": 1.3411,
      "03:18": 1.3413,
      "03:21": 1.3416,
      "03:24": 1.3417,
      "03:27": 1.3417,
      "03:30": 1.3416,
      "03:33": 1.3416,
      "03:36": 1.3417,
      "03:39": 1.3416,
      "03:42": 1.3417,
      "03:45": 1.3417,
      "03:48": 1.3416,
      "03:51": 1.3415,
      "03:54": 1.3416,
      "03:57": 1.3416,
      "04:00": 1.3416,
      "04:03": 1.3414
    },
    "ask": {
      "02:21": 1.3417,
      "02:24": 1.3418,
      "02:27": 1.3417,
      "02:30": 1.3418,
      "02:33": 1.3417,
      "02:36": 1.3417,
      "02:39": 1.3419,
      "02:42": 1.342,
      "02:45": 1.3425,
      "02:48": 1.3423,
      "02:51": 1.3422,
      "02:54": 1.3421,
      "02:57": 1.3418,
      "03:00": 1.3417,
      "03:03": 1.3415,
      "03:06": 1.3411,
      "03:09": 1.3411,
      "03:12": 1.3412,
      "03:15": 1.3412,
      "03:18": 1.3413,
      "03:21": 1.3417,
      "03:24": 1.3417,
      "03:27": 1.3418,
      "03:30": 1.3416,
      "03:33": 1.3417,
      "03:36": 1.3418,
      "03:39": 1.3417,
      "03:42": 1.3417,
      "03:45": 1.3418,
      "03:48": 1.3417,
      "03:51": 1.3416,
      "03:54": 1.3417,
      "03:57": 1.3417,
      "04:00": 1.3417,
      "04:03": 1.3415
    }
  },
  "price_data": {
    "bid": {
      "1.3417": {
        "02:21": 4,
        "02:24": 18,
        "02:27": 6,
        "02:30": 15,
        "02:36": 12,
        "02:39": 1,
        "02:54": 2,
        "02:57": 10,
        "03:21": 17,
        "03:24": 16,
        "03:27": 13,
        "03:33": 17,
        "03:36": 5,
        "03:39": 8,
        "03:42": 20,
        "03:45": 17,
        "03:54": 1,
        "03:57": 2
      },
      "1.3416": {
        "02:24": 1,
        "02:30": 5,
        "02:33": 3,
        "02:36": 1,
        "03:00": 8,
        "03:18": 3,
        "03:21": 3,
        "03:27": 2,
        "03:30": 11,
        "03:33": 4,
        "03:36": 15,
        "03:39": 12,
        "03:45": 2,
        "03:48": 2,
        "03:51": 3,
        "03:54": 19,
        "03:57": 17,
        "04:00": 2
      },
      "1.3418": {
        "02:24": 2,
        "02:27": 14,
        "02:36": 6,
        "02:39": 9,
        "02:54": 4,
        "02:57": 10,
        "03:24": 5,
        "03:27": 4,
        "03:45": 1
      },
      "1.3415": {
        "02:30": 1,
        "02:33": 5,
        "03:00": 7,
        "03:18": 4,
        "03:30": 9,
        "03:39": 1,
        "03:48": 2,
        "03:51": 16,
        "03:57": 1,
        "04:00": 3
      },
      "1.3414": {
        "02:33": 7,
        "03:00": 5,
        "03:03": 5,
        "03:18": 4,
        "03:48": 13,
        "03:51": 1,
        "04:00": 16,
        "04:03": 3
      },
      "1.3413": {
        "02:33": 5,
        "03:00": 1,
        "03:03": 9,
        "03:15": 3,
        "03:18": 9,
        "03:48": 4,
        "04:03": 7
      },
      "1.3419": {
        "02:36": 1,
        "02:39": 10,
        "02:42": 5,
        "02:54": 1
      },
      "1.342": {
        "02:42": 5,
        "02:48": 4,
        "02:51": 18,
        "02:54": 11
      },
      "1.3421": {
        "02:42": 1,
        "02:45": 1,
        "02:48": 12,
        "02:51": 2,
        "02:54": 2
      },
      "1.3422": {
        "02:42": 3,
        "02:45": 8,
        "02:48": 5
      },
      "1.3423": {
        "02:42": 1,
        "02:45": 9
      },
      "1.3424": {
        "02:42": 6,
        "02:45": 2
      },
      "1.3412": {
        "03:03": 2,
        "03:12": 13,
        "03:15": 2
      },
      "1.3411": {
        "03:03": 2,
        "03:06": 2,
        "03:12": 7,
        "03:15": 8
      },
      "1.341": {
        "03:03": 2,
        "03:06": 15,
        "03:09": 16,
        "03:15": 7
      },
      "1.3409": {
        "03:06": 3,
        "03:09": 5,
        "03:15": 1
      }
    },
    "ask": {
      "1.3417": {
        "02:21": 1,
        "02:24": 8,
        "02:27": 1,
        "02:30": 13,
        "02:33": 4,
        "02:36": 5,
        "03:00": 5,
        "03:18": 3,
        "03:21": 15,
        "03:24": 5,
        "03:27": 3,
        "03:30": 6,
        "03:33": 19,
        "03:36": 10,
        "03:39": 20,
        "03:42": 5,
        "03:45": 11,
        "03:48": 2,
        "03:51": 3,
        "03:54": 20,
        "03:57": 18,
        "04:00": 2
      },
      "1.3418": {
        "02:21": 3,
        "02:24": 11,
        "02:27": 7,
        "02:30": 8,
        "02:36": 8,
        "02:54": 1,
        "02:57": 11,
        "03:21": 5,
        "03:24": 15,
        "03:27": 16,
        "03:33": 2,
        "03:36": 2,
        "03:42": 15,
        "03:45": 9
      },
      "1.3419": {
        "02:24": 2,
        "02:27": 12,
        "02:36": 6,
        "02:39": 10,
        "02:54": 4,
        "02:57": 9,
        "03:24": 1
      },
      "1.3416": {
        "02:33": 5,
        "03:00": 10,
        "03:18": 3,
        "03:30": 14,
        "03:36": 8,
        "03:39": 1,
        "03:48": 2,
        "03:51": 16,
        "03:57": 2,
        "04:00": 3
      },
      "1.3415": {
        "02:33": 7,
        "03:00": 6,
        "03:03": 6,
        "03:18": 4,
        "03:48": 13,
        "03:51": 1,
        "04:00": 16,
        "04:03": 3
      },
      "1.3414": {
        "02:33": 4,
        "03:03": 8,
        "03:15": 2,
        "03:18": 8,
        "03:48": 4,
        "04:03": 7
      },
      "1.342": {
        "02:36": 1,
        "02:39": 9,
        "02:42": 5,
        "02:51": 2,
        "02:54": 3
      },
      "1.3421": {
        "02:39": 1,
        "02:42": 5,
        "02:48": 9,
        "02:51": 17,
        "02:54": 11
      },
      "1.3422": {
        "02:42": 1,
        "02:45": 3,
        "02:48": 9,
        "02:51": 1,
        "02:54": 1
      },
      "1.3423": {
        "02:42": 3,
        "02:45": 8,
        "02:48": 3
      },
      "1.3424": {
        "02:42": 1,
        "02:45": 7
      },
      "1.3425": {
        "02:42": 6,
        "02:45": 2
      },
      "1.3413": {
        "03:03": 2,
        "03:12": 11,
        "03:15": 2,
        "03:18": 2
      },
      "1.3412": {
        "03:03": 3,
        "03:06": 5,
        "03:09": 2,
        "03:12": 9,
        "03:15": 7
      },
      "1.3411": {
        "03:03": 1,
        "03:06": 13,
        "03:09": 16,
        "03:15": 8
      },
      "1.341": {
        "03:06": 2,
        "03:09": 3,
        "03:15": 2
      }
    }
  },
  "recent_trade_events": [
    {
      "ts": "2026-05-19T02:30:03.675436+01:00",
      "symbol": "GBP",
      "event": "OPEN",
      "state": "LONG_LOW",
      "price": 1.3421
    },
    {
      "ts": "2026-05-19T02:33:08.651985+01:00",
      "symbol": "GBP",
      "event": "CLOSE",
      "state": "SHORT_LOW",